{
  "Petición HTTP" : {
    "transaction" : "Petición HTTP",
    "sampleCount" : 1470,
    "errorCount" : 0,
    "errorPct" : 0.0,
    "meanResTime" : 324.4646258503405,
    "medianResTime" : 279.0,
    "minResTime" : 263.0,
    "maxResTime" : 28734.0,
    "pct1ResTime" : 285.0,
    "pct2ResTime" : 287.0,
    "pct3ResTime" : 299.28999999999996,
    "throughput" : 24.388220655329736,
    "receivedKBytesPerSec" : 21.356154085441727,
    "sentKBytesPerSec" : 5.639776026545002
  },
  "Total" : {
    "transaction" : "Total",
    "sampleCount" : 1470,
    "errorCount" : 0,
    "errorPct" : 0.0,
    "meanResTime" : 324.4646258503405,
    "medianResTime" : 279.0,
    "minResTime" : 263.0,
    "maxResTime" : 28734.0,
    "pct1ResTime" : 285.0,
    "pct2ResTime" : 287.0,
    "pct3ResTime" : 299.28999999999996,
    "throughput" : 24.388220655329736,
    "receivedKBytesPerSec" : 21.356154085441727,
    "sentKBytesPerSec" : 5.639776026545002
  }
}